[
  {
    "driverId": 1,
    "driverRef": "hamilton",
    "number": 44,
    "code": "HAM",
    "forename": "Lewis",
    "surname": "Hamilton",
    "dob": "07/01/1985",
    "nationality": "British",
    "url": "http://en.wikipedia.org/wiki/Lewis_Hamilton"
  },
  {
    "driverId": 2,
    "driverRef": "heidfeld",
    "number": "",
    "code": "HEI",
    "forename": "Nick",
    "surname": "Heidfeld",
    "dob": "10/05/1977",
    "nationality": "German",
    "url": "http://en.wikipedia.org/wiki/Nick_Heidfeld"
  },
  {
    "driverId": 3,
    "driverRef": "rosberg",
    "number": 6,
    "code": "ROS",
    "forename": "Nico",
    "surname": "Rosberg",
    "dob": "27/06/1985",
    "nationality": "German",
    "url": "http://en.wikipedia.org/wiki/Nico_Rosberg"
  },
  {
    "driverId": 4,
    "driverRef": "alonso",
    "number": 14,
    "code": "ALO",
    "forename": "Fernando",
    "surname": "Alonso",
    "dob": "29/07/1981",
    "nationality": "Spanish",
    "url": "http://en.wikipedia.org/wiki/Fernando_Alonso"
  },
  {
    "driverId": 5,
    "driverRef": "kovalainen",
    "number": "",
    "code": "KOV",
    "forename": "Heikki",
    "surname": "Kovalainen",
    "dob": "19/10/1981",
    "nationality": "Finnish",
    "url": "http://en.wikipedia.org/wiki/Heikki_Kovalainen"
  },
  {
    "driverId": 6,
    "driverRef": "nakajima",
    "number": "",
    "code": "NAK",
    "forename": "Kazuki",
    "surname": "Nakajima",
    "dob": "11/01/1985",
    "nationality": "Japanese",
    "url": "http://en.wikipedia.org/wiki/Kazuki_Nakajima"
  },
  {
    "driverId": 7,
    "driverRef": "bourdais",
    "number": "",
    "code": "BOU",
    "forename": "S̩bastien",
    "surname": "Bourdais",
    "dob": "28/02/1979",
    "nationality": "French",
    "url": "http://en.wikipedia.org/wiki/S%C3%A9bastien_Bourdais"
  },
  {
    "driverId": 8,
    "driverRef": "raikkonen",
    "number": 7,
    "code": "RAI",
    "forename": "Kimi",
    "surname": "Raikk̦nen",
    "dob": "17/10/1979",
    "nationality": "Finnish",
    "url": "http://en.wikipedia.org/wiki/Kimi_R%C3%A4ikk%C3%B6nen"
  },
  {
    "driverId": 9,
    "driverRef": "kubica",
    "number": "",
    "code": "KUB",
    "forename": "Robert",
    "surname": "Kubica",
    "dob": "07/12/1984",
    "nationality": "Polish",
    "url": "http://en.wikipedia.org/wiki/Robert_Kubica"
  },
  {
    "driverId": 10,
    "driverRef": "glock",
    "number": "",
    "code": "GLO",
    "forename": "Timo",
    "surname": "Glock",
    "dob": "18/03/1982",
    "nationality": "German",
    "url": "http://en.wikipedia.org/wiki/Timo_Glock"
  },
  {
    "driverId": 11,
    "driverRef": "sato",
    "number": "",
    "code": "SAT",
    "forename": "Takuma",
    "surname": "Sato",
    "dob": "28/01/1977",
    "nationality": "Japanese",
    "url": "http://en.wikipedia.org/wiki/Takuma_Sato"
  },
  {
    "driverId": 12,
    "driverRef": "piquet_jr",
    "number": "",
    "code": "PIQ",
    "forename": "Nelson",
    "surname": "Piquet Jr.",
    "dob": "25/07/1985",
    "nationality": "Brazilian",
    "url": "http://en.wikipedia.org/wiki/Nelson_Piquet,_Jr."
  },
  {
    "driverId": 13,
    "driverRef": "massa",
    "number": 19,
    "code": "MAS",
    "forename": "Felipe",
    "surname": "Massa",
    "dob": "25/04/1981",
    "nationality": "Brazilian",
    "url": "http://en.wikipedia.org/wiki/Felipe_Massa"
  },
  {
    "driverId": 14,
    "driverRef": "coulthard",
    "number": "",
    "code": "COU",
    "forename": "David",
    "surname": "Coulthard",
    "dob": "27/03/1971",
    "nationality": "British",
    "url": "http://en.wikipedia.org/wiki/David_Coulthard"
  },
  {
    "driverId": 15,
    "driverRef": "trulli",
    "number": "",
    "code": "TRU",
    "forename": "Jarno",
    "surname": "Trulli",
    "dob": "13/07/1974",
    "nationality": "Italian",
    "url": "http://en.wikipedia.org/wiki/Jarno_Trulli"
  },
  {
    "driverId": 16,
    "driverRef": "sutil",
    "number": 99,
    "code": "SUT",
    "forename": "Adrian",
    "surname": "Sutil",
    "dob": "11/01/1983",
    "nationality": "German",
    "url": "http://en.wikipedia.org/wiki/Adrian_Sutil"
  },
  {
    "driverId": 17,
    "driverRef": "webber",
    "number": "",
    "code": "WEB",
    "forename": "Mark",
    "surname": "Webber",
    "dob": "27/08/1976",
    "nationality": "Australian",
    "url": "http://en.wikipedia.org/wiki/Mark_Webber"
  },
  {
    "driverId": 18,
    "driverRef": "button",
    "number": 22,
    "code": "BUT",
    "forename": "Jenson",
    "surname": "Button",
    "dob": "19/01/1980",
    "nationality": "British",
    "url": "http://en.wikipedia.org/wiki/Jenson_Button"
  },
  {
    "driverId": 19,
    "driverRef": "davidson",
    "number": "",
    "code": "DAV",
    "forename": "Anthony",
    "surname": "Davidson",
    "dob": "18/04/1979",
    "nationality": "British",
    "url": "http://en.wikipedia.org/wiki/Anthony_Davidson"
  },
  {
    "driverId": 20,
    "driverRef": "vettel",
    "number": 5,
    "code": "VET",
    "forename": "Sebastian",
    "surname": "Vettel",
    "dob": "03/07/1987",
    "nationality": "German",
    "url": "http://en.wikipedia.org/wiki/Sebastian_Vettel"
  },
  {
    "driverId": 21,
    "driverRef": "fisichella",
    "number": "",
    "code": "FIS",
    "forename": "Giancarlo",
    "surname": "Fisichella",
    "dob": "14/01/1973",
    "nationality": "Italian",
    "url": "http://en.wikipedia.org/wiki/Giancarlo_Fisichella"
  },
  {
    "driverId": 22,
    "driverRef": "barrichello",
    "number": "",
    "code": "BAR",
    "forename": "Rubens",
    "surname": "Barrichello",
    "dob": "23/05/1972",
    "nationality": "Brazilian",
    "url": "http://en.wikipedia.org/wiki/Rubens_Barrichello"
  },
  {
    "driverId": 23,
    "driverRef": "ralf_schumacher",
    "number": "",
    "code": "SCH",
    "forename": "Ralf",
    "surname": "Schumacher",
    "dob": "30/06/1975",
    "nationality": "German",
    "url": "http://en.wikipedia.org/wiki/Ralf_Schumacher"
  },
  {
    "driverId": 24,
    "driverRef": "liuzzi",
    "number": "",
    "code": "LIU",
    "forename": "Vitantonio",
    "surname": "Liuzzi",
    "dob": "06/08/1980",
    "nationality": "Italian",
    "url": "http://en.wikipedia.org/wiki/Vitantonio_Liuzzi"
  },
  {
    "driverId": 25,
    "driverRef": "wurz",
    "number": "",
    "code": "WUR",
    "forename": "Alexander",
    "surname": "Wurz",
    "dob": "15/02/1974",
    "nationality": "Austrian",
    "url": "http://en.wikipedia.org/wiki/Alexander_Wurz"
  },
  {
    "driverId": 26,
    "driverRef": "speed",
    "number": "",
    "code": "SPE",
    "forename": "Scott",
    "surname": "Speed",
    "dob": "24/01/1983",
    "nationality": "American",
    "url": "http://en.wikipedia.org/wiki/Scott_Speed"
  },
  {
    "driverId": 27,
    "driverRef": "albers",
    "number": "",
    "code": "ALB",
    "forename": "Christijan",
    "surname": "Albers",
    "dob": "16/04/1979",
    "nationality": "Dutch",
    "url": "http://en.wikipedia.org/wiki/Christijan_Albers"
  },
  {
    "driverId": 28,
    "driverRef": "markus_winkelhock",
    "number": "",
    "code": "WIN",
    "forename": "Markus",
    "surname": "Winkelhock",
    "dob": "13/06/1980",
    "nationality": "German",
    "url": "http://en.wikipedia.org/wiki/Markus_Winkelhock"
  },
  {
    "driverId": 29,
    "driverRef": "yamamoto",
    "number": "",
    "code": "YAM",
    "forename": "Sakon",
    "surname": "Yamamoto",
    "dob": "09/07/1982",
    "nationality": "Japanese",
    "url": "http://en.wikipedia.org/wiki/Sakon_Yamamoto"
  },
  {
    "driverId": 30,
    "driverRef": "michael_schumacher",
    "number": "",
    "code": "MSC",
    "forename": "Michael",
    "surname": "Schumacher",
    "dob": "03/01/1969",
    "nationality": "German",
    "url": "http://en.wikipedia.org/wiki/Michael_Schumacher"
  },
  {
    "driverId": 31,
    "driverRef": "montoya",
    "number": "",
    "code": "MON",
    "forename": "Juan",
    "surname": "Pablo Montoya",
    "dob": "20/09/1975",
    "nationality": "Colombian",
    "url": "http://en.wikipedia.org/wiki/Juan_Pablo_Montoya"
  },
  {
    "driverId": 32,
    "driverRef": "klien",
    "number": "",
    "code": "KLI",
    "forename": "Christian",
    "surname": "Klien",
    "dob": "07/02/1983",
    "nationality": "Austrian",
    "url": "http://en.wikipedia.org/wiki/Christian_Klien"
  },
  {
    "driverId": 33,
    "driverRef": "monteiro",
    "number": "",
    "code": "TMO",
    "forename": "Tiago",
    "surname": "Monteiro",
    "dob": "24/07/1976",
    "nationality": "Portuguese",
    "url": "http://en.wikipedia.org/wiki/Tiago_Monteiro"
  },
  {
    "driverId": 34,
    "driverRef": "ide",
    "number": "",
    "code": "IDE",
    "forename": "Yuji",
    "surname": "Ide",
    "dob": "21/01/1975",
    "nationality": "Japanese",
    "url": "http://en.wikipedia.org/wiki/Yuji_Ide"
  },
  {
    "driverId": 35,
    "driverRef": "villeneuve",
    "number": "",
    "code": "VIL",
    "forename": "Jacques",
    "surname": "Villeneuve",
    "dob": "09/04/1971",
    "nationality": "Canadian",
    "url": "http://en.wikipedia.org/wiki/Jacques_Villeneuve"
  },
  {
    "driverId": 36,
    "driverRef": "montagny",
    "number": "",
    "code": "FMO",
    "forename": "Franck",
    "surname": "Montagny",
    "dob": "05/01/1978",
    "nationality": "French",
    "url": "http://en.wikipedia.org/wiki/Franck_Montagny"
  },
  {
    "driverId": 37,
    "driverRef": "rosa",
    "number": "",
    "code": "DLR",
    "forename": "Pedro",
    "surname": "de la Rosa",
    "dob": "24/02/1971",
    "nationality": "Spanish",
    "url": "http://en.wikipedia.org/wiki/Pedro_de_la_Rosa"
  },
  {
    "driverId": 38,
    "driverRef": "doornbos",
    "number": "",
    "code": "DOO",
    "forename": "Robert",
    "surname": "Doornbos",
    "dob": "23/09/1981",
    "nationality": "Dutch",
    "url": "http://en.wikipedia.org/wiki/Robert_Doornbos"
  },
  {
    "driverId": 39,
    "driverRef": "karthikeyan",
    "number": "",
    "code": "KAR",
    "forename": "Narain",
    "surname": "Karthikeyan",
    "dob": "14/01/1977",
    "nationality": "Indian",
    "url": "http://en.wikipedia.org/wiki/Narain_Karthikeyan"
  },
  {
    "driverId": 40,
    "driverRef": "friesacher",
    "number": "",
    "code": "FRI",
    "forename": "Patrick",
    "surname": "Friesacher",
    "dob": "26/09/1980",
    "nationality": "Austrian",
    "url": "http://en.wikipedia.org/wiki/Patrick_Friesacher"
  },
  {
    "driverId": 41,
    "driverRef": "zonta",
    "number": "",
    "code": "ZON",
    "forename": "Ricardo",
    "surname": "Zonta",
    "dob": "23/03/1976",
    "nationality": "Brazilian",
    "url": "http://en.wikipedia.org/wiki/Ricardo_Zonta"
  },
  {
    "driverId": 42,
    "driverRef": "pizzonia",
    "number": "",
    "code": "PIZ",
    "forename": "Ant̫nio",
    "surname": "Pizzonia",
    "dob": "11/09/1980",
    "nationality": "Brazilian",
    "url": "http://en.wikipedia.org/wiki/Ant%C3%B4nio_Pizzonia"
  },
  {
    "driverId": 43,
    "driverRef": "matta",
    "number": "",
    "code": "",
    "forename": "Cristiano",
    "surname": "da Matta",
    "dob": "19/09/1973",
    "nationality": "Brazilian",
    "url": "http://en.wikipedia.org/wiki/Cristiano_da_Matta"
  },
  {
    "driverId": 44,
    "driverRef": "panis",
    "number": "",
    "code": "",
    "forename": "Olivier",
    "surname": "Panis",
    "dob": "02/09/1966",
    "nationality": "French",
    "url": "http://en.wikipedia.org/wiki/Olivier_Panis"
  },
  {
    "driverId": 45,
    "driverRef": "pantano",
    "number": "",
    "code": "",
    "forename": "Giorgio",
    "surname": "Pantano",
    "dob": "04/02/1979",
    "nationality": "Italian",
    "url": "http://en.wikipedia.org/wiki/Giorgio_Pantano"
  },
  {
    "driverId": 46,
    "driverRef": "bruni",
    "number": "",
    "code": "",
    "forename": "Gianmaria",
    "surname": "Bruni",
    "dob": "30/05/1981",
    "nationality": "Italian",
    "url": "http://en.wikipedia.org/wiki/Gianmaria_Bruni"
  },
  {
    "driverId": 47,
    "driverRef": "baumgartner",
    "number": "",
    "code": "",
    "forename": "Zsolt",
    "surname": "Baumgartner",
    "dob": "01/01/1981",
    "nationality": "Hungarian",
    "url": "http://en.wikipedia.org/wiki/Zsolt_Baumgartner"
  },
  {
    "driverId": 48,
    "driverRef": "gene",
    "number": "",
    "code": "",
    "forename": "Marc",
    "surname": "Gen̩",
    "dob": "29/03/1974",
    "nationality": "Spanish",
    "url": "http://en.wikipedia.org/wiki/Marc_Gen%C3%A9"
  },
  {
    "driverId": 49,
    "driverRef": "frentzen",
    "number": "",
    "code": "",
    "forename": "Heinz-Harald",
    "surname": "Frentzen",
    "dob": "18/05/1967",
    "nationality": "German",
    "url": "http://en.wikipedia.org/wiki/Heinz-Harald_Frentzen"
  },
  {
    "driverId": 50,
    "driverRef": "verstappen",
    "number": "",
    "code": "",
    "forename": "Jos",
    "surname": "Verstappen",
    "dob": "04/03/1972",
    "nationality": "Dutch",
    "url": "http://en.wikipedia.org/wiki/Jos_Verstappen"
  },
  {
    "driverId": 51,
    "driverRef": "wilson",
    "number": "",
    "code": "",
    "forename": "Justin",
    "surname": "Wilson",
    "dob": "31/07/1978",
    "nationality": "British",
    "url": "http://en.wikipedia.org/wiki/Justin_Wilson_(racing_driver)"
  },
  {
    "driverId": 52,
    "driverRef": "firman",
    "number": "",
    "code": "",
    "forename": "Ralph",
    "surname": "Firman",
    "dob": "20/05/1975",
    "nationality": "Irish",
    "url": "http://en.wikipedia.org/wiki/Ralph_Firman"
  },
  {
    "driverId": 53,
    "driverRef": "kiesa",
    "number": "",
    "code": "",
    "forename": "Nicolas",
    "surname": "Kiesa",
    "dob": "03/03/1978",
    "nationality": "Danish",
    "url": "http://en.wikipedia.org/wiki/Nicolas_Kiesa"
  },
  {
    "driverId": 54,
    "driverRef": "burti",
    "number": "",
    "code": "",
    "forename": "Luciano",
    "surname": "Burti",
    "dob": "05/03/1975",
    "nationality": "Brazilian",
    "url": "http://en.wikipedia.org/wiki/Luciano_Burti"
  },
  {
    "driverId": 55,
    "driverRef": "alesi",
    "number": "",
    "code": "",
    "forename": "Jean",
    "surname": "Alesi",
    "dob": "11/06/1964",
    "nationality": "French",
    "url": "http://en.wikipedia.org/wiki/Jean_Alesi"
  },
  {
    "driverId": 56,
    "driverRef": "irvine",
    "number": "",
    "code": "",
    "forename": "Eddie",
    "surname": "Irvine",
    "dob": "10/11/1965",
    "nationality": "British",
    "url": "http://en.wikipedia.org/wiki/Eddie_Irvine"
  },
  {
    "driverId": 57,
    "driverRef": "hakkinen",
    "number": "",
    "code": "",
    "forename": "Mika",
    "surname": "Hakkinen",
    "dob": "28/09/1968",
    "nationality": "Finnish",
    "url": "http://en.wikipedia.org/wiki/Mika_H%C3%A4kkinen"
  },
  {
    "driverId": 58,
    "driverRef": "marques",
    "number": "",
    "code": "",
    "forename": "Tarso",
    "surname": "Marques",
    "dob": "19/01/1976",
    "nationality": "Brazilian",
    "url": "http://en.wikipedia.org/wiki/Tarso_Marques"
  },
  {
    "driverId": 59,
    "driverRef": "bernoldi",
    "number": "",
    "code": "",
    "forename": "Enrique",
    "surname": "Bernoldi",
    "dob": "19/10/1978",
    "nationality": "Brazilian",
    "url": "http://en.wikipedia.org/wiki/Enrique_Bernoldi"
  },
  {
    "driverId": 60,
    "driverRef": "mazzacane",
    "number": "",
    "code": "",
    "forename": "Gastón",
    "surname": "Mazzacane",
    "dob": "08/05/1975",
    "nationality": "Argentine",
    "url": "http://en.wikipedia.org/wiki/Gast%C3%B3n_Mazzacane"
  },
  {
    "driverId": 61,
    "driverRef": "enge",
    "number": "",
    "code": "",
    "forename": "Tom",
    "surname": "Enge",
    "dob": "11/09/1976",
    "nationality": "Czech",
    "url": "http://en.wikipedia.org/wiki/Tom%C3%A1%C5%A1_Enge"
  },
  {
    "driverId": 62,
    "driverRef": "yoong",
    "number": "",
    "code": "",
    "forename": "Alex",
    "surname": "Yoong",
    "dob": "20/07/1976",
    "nationality": "Malaysian",
    "url": "http://en.wikipedia.org/wiki/Alex_Yoong"
  },
  {
    "driverId": 63,
    "driverRef": "salo",
    "number": "",
    "code": "",
    "forename": "Mika",
    "surname": "Salo",
    "dob": "30/11/1966",
    "nationality": "Finnish",
    "url": "http://en.wikipedia.org/wiki/Mika_Salo"
  },
  {
    "driverId": 64,
    "driverRef": "diniz",
    "number": "",
    "code": "",
    "forename": "Pedro",
    "surname": "Diniz",
    "dob": "22/05/1970",
    "nationality": "Brazilian",
    "url": "http://en.wikipedia.org/wiki/Pedro_Diniz"
  },
  {
    "driverId": 65,
    "driverRef": "herbert",
    "number": "",
    "code": "",
    "forename": "Johnny",
    "surname": "Herbert",
    "dob": "25/06/1964",
    "nationality": "British",
    "url": "http://en.wikipedia.org/wiki/Johnny_Herbert"
  },
  {
    "driverId": 66,
    "driverRef": "mcnish",
    "number": "",
    "code": "",
    "forename": "Allan",
    "surname": "McNish",
    "dob": "29/12/1969",
    "nationality": "British",
    "url": "http://en.wikipedia.org/wiki/Allan_McNish"
  },
  {
    "driverId": 67,
    "driverRef": "buemi",
    "number": "",
    "code": "BUE",
    "forename": "S̩bastien",
    "surname": "Buemi",
    "dob": "31/10/1988",
    "nationality": "Swiss",
    "url": "http://en.wikipedia.org/wiki/S%C3%A9bastien_Buemi"
  },
  {
    "driverId": 68,
    "driverRef": "takagi",
    "number": "",
    "code": "",
    "forename": "Toranosuke",
    "surname": "Takagi",
    "dob": "12/02/1974",
    "nationality": "Japanese",
    "url": "http://en.wikipedia.org/wiki/Toranosuke_Takagi"
  },
  {
    "driverId": 69,
    "driverRef": "badoer",
    "number": "",
    "code": "BAD",
    "forename": "Luca",
    "surname": "Badoer",
    "dob": "25/01/1971",
    "nationality": "Italian",
    "url": "http://en.wikipedia.org/wiki/Luca_Badoer"
  },
  {
    "driverId": 70,
    "driverRef": "zanardi",
    "number": "",
    "code": "",
    "forename": "Alessandro",
    "surname": "Zanardi",
    "dob": "23/10/1966",
    "nationality": "Italian",
    "url": "http://en.wikipedia.org/wiki/Alex_Zanardi"
  },
  {
    "driverId": 71,
    "driverRef": "damon_hill",
    "number": "",
    "code": "",
    "forename": "Damon",
    "surname": "Hill",
    "dob": "17/09/1960",
    "nationality": "British",
    "url": "http://en.wikipedia.org/wiki/Damon_Hill"
  },
  {
    "driverId": 72,
    "driverRef": "sarrazin",
    "number": "",
    "code": "",
    "forename": "St̩phane",
    "surname": "Sarrazin",
    "dob": "02/11/1975",
    "nationality": "French",
    "url": "http://en.wikipedia.org/wiki/St%C3%A9phane_Sarrazin"
  },
  {
    "driverId": 73,
    "driverRef": "rosset",
    "number": "",
    "code": "",
    "forename": "Ricardo",
    "surname": "Rosset",
    "dob": "27/07/1968",
    "nationality": "Brazilian",
    "url": "http://en.wikipedia.org/wiki/Ricardo_Rosset"
  },
  {
    "driverId": 74,
    "driverRef": "tuero",
    "number": "",
    "code": "",
    "forename": "Esteban",
    "surname": "Tuero",
    "dob": "22/04/1978",
    "nationality": "Argentine",
    "url": "http://en.wikipedia.org/wiki/Esteban_Tuero"
  },
  {
    "driverId": 75,
    "driverRef": "nakano",
    "number": "",
    "code": "",
    "forename": "Shinji",
    "surname": "Nakano",
    "dob": "01/04/1971",
    "nationality": "Japanese",
    "url": "http://en.wikipedia.org/wiki/Shinji_Nakano"
  },
  {
    "driverId": 76,
    "driverRef": "magnussen",
    "number": "",
    "code": "MAG",
    "forename": "Jan",
    "surname": "Magnussen",
    "dob": "04/07/1973",
    "nationality": "Danish",
    "url": "http://en.wikipedia.org/wiki/Jan_Magnussen"
  },
  {
    "driverId": 77,
    "driverRef": "berger",
    "number": "",
    "code": "",
    "forename": "Gerhard",
    "surname": "Berger",
    "dob": "27/08/1959",
    "nationality": "Austrian",
    "url": "http://en.wikipedia.org/wiki/Gerhard_Berger"
  },
  {
    "driverId": 78,
    "driverRef": "larini",
    "number": "",
    "code": "",
    "forename": "Nicola",
    "surname": "Larini",
    "dob": "19/03/1964",
    "nationality": "Italian",
    "url": "http://en.wikipedia.org/wiki/Nicola_Larini"
  },
  {
    "driverId": 79,
    "driverRef": "katayama",
    "number": "",
    "code": "",
    "forename": "Ukyo",
    "surname": "Katayama",
    "dob": "29/05/1963",
    "nationality": "Japanese",
    "url": "http://en.wikipedia.org/wiki/Ukyo_Katayama"
  },
  {
    "driverId": 80,
    "driverRef": "sospiri",
    "number": "",
    "code": "",
    "forename": "Vincenzo",
    "surname": "Sospiri",
    "dob": "07/10/1966",
    "nationality": "Italian",
    "url": "http://en.wikipedia.org/wiki/Vincenzo_Sospiri"
  },
  {
    "driverId": 81,
    "driverRef": "morbidelli",
    "number": "",
    "code": "",
    "forename": "Gianni",
    "surname": "Morbidelli",
    "dob": "13/01/1968",
    "nationality": "Italian",
    "url": "http://en.wikipedia.org/wiki/Gianni_Morbidelli"
  },
  {
    "driverId": 82,
    "driverRef": "fontana",
    "number": "",
    "code": "",
    "forename": "Norberto",
    "surname": "Fontana",
    "dob": "20/01/1975",
    "nationality": "Argentine",
    "url": "http://en.wikipedia.org/wiki/Norberto_Fontana"
  },
  {
    "driverId": 83,
    "driverRef": "lamy",
    "number": "",
    "code": "",
    "forename": "Pedro",
    "surname": "Lamy",
    "dob": "20/03/1972",
    "nationality": "Portuguese",
    "url": "http://en.wikipedia.org/wiki/Pedro_Lamy"
  },
  {
    "driverId": 84,
    "driverRef": "brundle",
    "number": "",
    "code": "",
    "forename": "Martin",
    "surname": "Brundle",
    "dob": "01/06/1959",
    "nationality": "British",
    "url": "http://en.wikipedia.org/wiki/Martin_Brundle"
  },
  {
    "driverId": 85,
    "driverRef": "montermini",
    "number": "",
    "code": "",
    "forename": "Andrea",
    "surname": "Montermini",
    "dob": "30/05/1964",
    "nationality": "Italian",
    "url": "http://en.wikipedia.org/wiki/Andrea_Montermini"
  },
  {
    "driverId": 86,
    "driverRef": "lavaggi",
    "number": "",
    "code": "",
    "forename": "Giovanni",
    "surname": "Lavaggi",
    "dob": "18/02/1958",
    "nationality": "Italian",
    "url": "http://en.wikipedia.org/wiki/Giovanni_Lavaggi"
  },
  {
    "driverId": 87,
    "driverRef": "blundell",
    "number": "",
    "code": "",
    "forename": "Mark",
    "surname": "Blundell",
    "dob": "08/04/1966",
    "nationality": "British",
    "url": "http://en.wikipedia.org/wiki/Mark_Blundell"
  },
  {
    "driverId": 88,
    "driverRef": "suzuki",
    "number": "",
    "code": "",
    "forename": "Aguri",
    "surname": "Suzuki",
    "dob": "08/09/1960",
    "nationality": "Japanese",
    "url": "http://en.wikipedia.org/wiki/Aguri_Suzuki"
  },
  {
    "driverId": 89,
    "driverRef": "inoue",
    "number": "",
    "code": "",
    "forename": "Taki",
    "surname": "Inoue",
    "dob": "05/09/1963",
    "nationality": "Japanese",
    "url": "http://en.wikipedia.org/wiki/Taki_Inoue"
  },
  {
    "driverId": 90,
    "driverRef": "moreno",
    "number": "",
    "code": "",
    "forename": "Roberto",
    "surname": "Moreno",
    "dob": "11/02/1959",
    "nationality": "Brazilian",
    "url": "http://en.wikipedia.org/wiki/Roberto_Moreno"
  },
  {
    "driverId": 91,
    "driverRef": "wendlinger",
    "number": "",
    "code": "",
    "forename": "Karl",
    "surname": "Wendlinger",
    "dob": "20/12/1968",
    "nationality": "Austrian",
    "url": "http://en.wikipedia.org/wiki/Karl_Wendlinger"
  },
  {
    "driverId": 92,
    "driverRef": "gachot",
    "number": "",
    "code": "",
    "forename": "Bertrand",
    "surname": "Gachot",
    "dob": "23/12/1962",
    "nationality": "Belgian",
    "url": "http://en.wikipedia.org/wiki/Bertrand_Gachot"
  },
  {
    "driverId": 93,
    "driverRef": "schiattarella",
    "number": "",
    "code": "",
    "forename": "Domenico",
    "surname": "Schiattarella",
    "dob": "17/11/1967",
    "nationality": "Italian",
    "url": "http://en.wikipedia.org/wiki/Domenico_Schiattarella"
  },
  {
    "driverId": 94,
    "driverRef": "martini",
    "number": "",
    "code": "",
    "forename": "Pierluigi",
    "surname": "Martini",
    "dob": "23/04/1961",
    "nationality": "Italian",
    "url": "http://en.wikipedia.org/wiki/Pierluigi_Martini"
  },
  {
    "driverId": 95,
    "driverRef": "mansell",
    "number": "",
    "code": "",
    "forename": "Nigel",
    "surname": "Mansell",
    "dob": "08/08/1953",
    "nationality": "British",
    "url": "http://en.wikipedia.org/wiki/Nigel_Mansell"
  },
  {
    "driverId": 96,
    "driverRef": "boullion",
    "number": "",
    "code": "",
    "forename": "Jean-Christophe",
    "surname": "Boullion",
    "dob": "27/12/1969",
    "nationality": "French",
    "url": "http://en.wikipedia.org/wiki/Jean-Christophe_Boullion"
  },
  {
    "driverId": 97,
    "driverRef": "papis",
    "number": "",
    "code": "",
    "forename": "Massimiliano",
    "surname": "Papis",
    "dob": "03/10/1969",
    "nationality": "Italian",
    "url": "http://en.wikipedia.org/wiki/Massimiliano_Papis"
  },
  {
    "driverId": 98,
    "driverRef": "deletraz",
    "number": "",
    "code": "",
    "forename": "Jean-Denis",
    "surname": "D̩l̩traz",
    "dob": "01/10/1963",
    "nationality": "Swiss",
    "url": "http://en.wikipedia.org/wiki/Jean-Denis_Deletraz"
  },
  {
    "driverId": 99,
    "driverRef": "tarquini",
    "number": "",
    "code": "",
    "forename": "Gabriele",
    "surname": "Tarquini",
    "dob": "02/03/1962",
    "nationality": "Italian",
    "url": "http://en.wikipedia.org/wiki/Gabriele_Tarquini"
  },
  {
    "driverId": 100,
    "driverRef": "comas",
    "number": "",
    "code": "",
    "forename": "Érik",
    "surname": "Comas",
    "dob": "28/09/1963",
    "nationality": "French",
    "url": "http://en.wikipedia.org/wiki/%C3%89rik_Comas"
  }
]
